"Molecule ChEMBL ID";"Molecule Name";"Molecule Max Phase";"Molecular Weight";"#RO5 Violations";"AlogP";"Compound Key";"Smiles";"Standard Type";"Standard Relation";"Standard Value";"Standard Units";"pChEMBL Value";"Data Validity Comment";"Comment";"Uo Units";"Ligand Efficiency BEI";"Ligand Efficiency LE";"Ligand Efficiency LLE";"Ligand Efficiency SEI";"Potential Duplicate";"Assay ChEMBL ID";"Assay Description";"Assay Type";"BAO Format ID";"BAO Label";"Assay Organism";"Assay Tissue ChEMBL ID";"Assay Tissue Name";"Assay Cell Type";"Assay Subcellular Fraction";"Assay Parameters";"Assay Variant Accession";"Assay Variant Mutation";"Target ChEMBL ID";"Target Name";"Target Organism";"Target Type";"Document ChEMBL ID";"Source ID";"Source Description";"Document Journal";"Document Year";"Cell ChEMBL ID";"Properties";"Action Type";"Standard Text Value"
"CHEMBL8";"CIPROFLOXACIN";"4.0";"331.35";"0";"1.58";"4, Ciprofloxacin";"O=C(O)c1cn(C2CC2)c2cc(N3CCNCC3)c(F)cc2c1=O";"MIC";"'='";"2350.0";"nM";"";"";"";"UO_0000065";"";"";"";"";"0";"CHEMBL1023880";"Antimycobacterial activity against Mycobacterium microti MTCC 1727 by agar dilution method";"F";"BAO_0000218";"organism-based format";"Mycobacterium tuberculosis variant microti";"None";"None";"None";"None";"";"";"";"CHEMBL612960";"Mycobacterium tuberculosis variant microti";"Mycobacterium tuberculosis variant microti";"ORGANISM";"CHEMBL1136842";"1";"Scientific Literature";"Bioorg Med Chem Lett";"2009";"None";"";"";""
"CHEMBL515284";"";"None";"325.74";"0";"2.56";"4p";"O=[N+]([O-])c1ccc(/C=N/NC(=S)Nc2ccc(Cl)cn2)o1";"MIC";"'='";"38300.0";"nM";"";"";"";"UO_0000065";"";"";"";"";"0";"CHEMBL1023880";"Antimycobacterial activity against Mycobacterium microti MTCC 1727 by agar dilution method";"F";"BAO_0000218";"organism-based format";"Mycobacterium tuberculosis variant microti";"None";"None";"None";"None";"";"";"";"CHEMBL612960";"Mycobacterium tuberculosis variant microti";"Mycobacterium tuberculosis variant microti";"ORGANISM";"CHEMBL1136842";"1";"Scientific Literature";"Bioorg Med Chem Lett";"2009";"None";"";"";""
"CHEMBL515581";"";"None";"350.36";"0";"2.53";"4k";"COc1ccc(NC(=S)N/N=C/c2ccc([N+](=O)[O-])o2)c(OC)c1";"MIC";"'='";"17800.0";"nM";"";"";"";"UO_0000065";"";"";"";"";"0";"CHEMBL1023880";"Antimycobacterial activity against Mycobacterium microti MTCC 1727 by agar dilution method";"F";"BAO_0000218";"organism-based format";"Mycobacterium tuberculosis variant microti";"None";"None";"None";"None";"";"";"";"CHEMBL612960";"Mycobacterium tuberculosis variant microti";"Mycobacterium tuberculosis variant microti";"ORGANISM";"CHEMBL1136842";"1";"Scientific Literature";"Bioorg Med Chem Lett";"2009";"None";"";"";""
"CHEMBL454211";"";"None";"290.30";"0";"2.51";"4a";"O=[N+]([O-])c1ccc(/C=N/NC(=S)Nc2ccccc2)o1";"MIC";"'='";"86100.0";"nM";"";"";"";"UO_0000065";"";"";"";"";"0";"CHEMBL1023880";"Antimycobacterial activity against Mycobacterium microti MTCC 1727 by agar dilution method";"F";"BAO_0000218";"organism-based format";"Mycobacterium tuberculosis variant microti";"None";"None";"None";"None";"";"";"";"CHEMBL612960";"Mycobacterium tuberculosis variant microti";"Mycobacterium tuberculosis variant microti";"ORGANISM";"CHEMBL1136842";"1";"Scientific Literature";"Bioorg Med Chem Lett";"2009";"None";"";"";""
"CHEMBL443404";"";"None";"449.08";"0";"3.43";"4r";"O=[N+]([O-])c1ccc(/C=N/NC(=S)Nc2ncc(Br)cc2Br)o1";"MIC";"'='";"6900.0";"nM";"";"";"";"UO_0000065";"";"";"";"";"0";"CHEMBL1023880";"Antimycobacterial activity against Mycobacterium microti MTCC 1727 by agar dilution method";"F";"BAO_0000218";"organism-based format";"Mycobacterium tuberculosis variant microti";"None";"None";"None";"None";"";"";"";"CHEMBL612960";"Mycobacterium tuberculosis variant microti";"Mycobacterium tuberculosis variant microti";"ORGANISM";"CHEMBL1136842";"1";"Scientific Literature";"Bioorg Med Chem Lett";"2009";"None";"";"";""
"CHEMBL475894";"";"None";"318.36";"0";"3.13";"4g";"Cc1ccc(NC(=S)N/N=C/c2ccc([N+](=O)[O-])o2)c(C)c1";"MIC";"'='";"78500.0";"nM";"";"";"";"UO_0000065";"";"";"";"";"0";"CHEMBL1023880";"Antimycobacterial activity against Mycobacterium microti MTCC 1727 by agar dilution method";"F";"BAO_0000218";"organism-based format";"Mycobacterium tuberculosis variant microti";"None";"None";"None";"None";"";"";"";"CHEMBL612960";"Mycobacterium tuberculosis variant microti";"Mycobacterium tuberculosis variant microti";"ORGANISM";"CHEMBL1136842";"1";"Scientific Literature";"Bioorg Med Chem Lett";"2009";"None";"";"";""
"CHEMBL504622";"";"None";"318.36";"0";"3.13";"4i";"Cc1ccc(C)c(NC(=S)N/N=C/c2ccc([N+](=O)[O-])o2)c1";"MIC";"'='";"157000.0";"nM";"";"";"";"UO_0000065";"";"";"";"";"0";"CHEMBL1023880";"Antimycobacterial activity against Mycobacterium microti MTCC 1727 by agar dilution method";"F";"BAO_0000218";"organism-based format";"Mycobacterium tuberculosis variant microti";"None";"None";"None";"None";"";"";"";"CHEMBL612960";"Mycobacterium tuberculosis variant microti";"Mycobacterium tuberculosis variant microti";"ORGANISM";"CHEMBL1136842";"1";"Scientific Literature";"Bioorg Med Chem Lett";"2009";"None";"";"";""
"CHEMBL475716";"";"None";"369.20";"0";"3.27";"4d";"O=[N+]([O-])c1ccc(/C=N/NC(=S)Nc2ccccc2Br)o1";"MIC";"'='";"67100.0";"nM";"";"";"";"UO_0000065";"";"";"";"";"0";"CHEMBL1023880";"Antimycobacterial activity against Mycobacterium microti MTCC 1727 by agar dilution method";"F";"BAO_0000218";"organism-based format";"Mycobacterium tuberculosis variant microti";"None";"None";"None";"None";"";"";"";"CHEMBL612960";"Mycobacterium tuberculosis variant microti";"Mycobacterium tuberculosis variant microti";"ORGANISM";"CHEMBL1136842";"1";"Scientific Literature";"Bioorg Med Chem Lett";"2009";"None";"";"";""
"CHEMBL473681";"";"None";"305.32";"0";"2.21";"4o";"Cc1ccnc(NC(=S)N/N=C/c2ccc([N+](=O)[O-])o2)c1";"MIC";"'='";"20500.0";"nM";"";"";"";"UO_0000065";"";"";"";"";"0";"CHEMBL1023880";"Antimycobacterial activity against Mycobacterium microti MTCC 1727 by agar dilution method";"F";"BAO_0000218";"organism-based format";"Mycobacterium tuberculosis variant microti";"None";"None";"None";"None";"";"";"";"CHEMBL612960";"Mycobacterium tuberculosis variant microti";"Mycobacterium tuberculosis variant microti";"ORGANISM";"CHEMBL1136842";"1";"Scientific Literature";"Bioorg Med Chem Lett";"2009";"None";"";"";""
"CHEMBL504575";"";"None";"319.35";"0";"2.52";"4q";"Cc1cc(C)nc(NC(=S)N/N=C/c2ccc([N+](=O)[O-])o2)c1";"MIC";"'='";"39100.0";"nM";"";"";"";"UO_0000065";"";"";"";"";"0";"CHEMBL1023880";"Antimycobacterial activity against Mycobacterium microti MTCC 1727 by agar dilution method";"F";"BAO_0000218";"organism-based format";"Mycobacterium tuberculosis variant microti";"None";"None";"None";"None";"";"";"";"CHEMBL612960";"Mycobacterium tuberculosis variant microti";"Mycobacterium tuberculosis variant microti";"ORGANISM";"CHEMBL1136842";"1";"Scientific Literature";"Bioorg Med Chem Lett";"2009";"None";"";"";""
"CHEMBL473477";"";"None";"380.30";"0";"2.32";"4l";"O=[N+]([O-])c1ccc(NC(=S)N/N=C/c2ccc([N+](=O)[O-])o2)c([N+](=O)[O-])c1";"MIC";"'='";"32800.0";"nM";"";"";"";"UO_0000065";"";"";"";"";"0";"CHEMBL1023880";"Antimycobacterial activity against Mycobacterium microti MTCC 1727 by agar dilution method";"F";"BAO_0000218";"organism-based format";"Mycobacterium tuberculosis variant microti";"None";"None";"None";"None";"";"";"";"CHEMBL612960";"Mycobacterium tuberculosis variant microti";"Mycobacterium tuberculosis variant microti";"ORGANISM";"CHEMBL1136842";"1";"Scientific Literature";"Bioorg Med Chem Lett";"2009";"None";"";"";""
"CHEMBL449498";"";"None";"305.32";"0";"2.21";"4n";"Cc1cccnc1NC(=S)N/N=C/c1ccc([N+](=O)[O-])o1";"MIC";"'='";"10200.0";"nM";"";"";"";"UO_0000065";"";"";"";"";"0";"CHEMBL1023880";"Antimycobacterial activity against Mycobacterium microti MTCC 1727 by agar dilution method";"F";"BAO_0000218";"organism-based format";"Mycobacterium tuberculosis variant microti";"None";"None";"None";"None";"";"";"";"CHEMBL612960";"Mycobacterium tuberculosis variant microti";"Mycobacterium tuberculosis variant microti";"ORGANISM";"CHEMBL1136842";"1";"Scientific Literature";"Bioorg Med Chem Lett";"2009";"None";"";"";""
"CHEMBL475517";"";"None";"304.33";"0";"2.82";"4b";"Cc1ccc(NC(=S)N/N=C/c2ccc([N+](=O)[O-])o2)cc1";"MIC";"'='";"20500.0";"nM";"";"";"";"UO_0000065";"";"";"";"";"0";"CHEMBL1023880";"Antimycobacterial activity against Mycobacterium microti MTCC 1727 by agar dilution method";"F";"BAO_0000218";"organism-based format";"Mycobacterium tuberculosis variant microti";"None";"None";"None";"None";"";"";"";"CHEMBL612960";"Mycobacterium tuberculosis variant microti";"Mycobacterium tuberculosis variant microti";"ORGANISM";"CHEMBL1136842";"1";"Scientific Literature";"Bioorg Med Chem Lett";"2009";"None";"";"";""
"CHEMBL447765";"";"None";"324.75";"0";"3.16";"4e";"O=[N+]([O-])c1ccc(/C=N/NC(=S)Nc2ccc(Cl)cc2)o1";"MIC";"'='";"38400.0";"nM";"";"";"";"UO_0000065";"";"";"";"";"0";"CHEMBL1023880";"Antimycobacterial activity against Mycobacterium microti MTCC 1727 by agar dilution method";"F";"BAO_0000218";"organism-based format";"Mycobacterium tuberculosis variant microti";"None";"None";"None";"None";"";"";"";"CHEMBL612960";"Mycobacterium tuberculosis variant microti";"Mycobacterium tuberculosis variant microti";"ORGANISM";"CHEMBL1136842";"1";"Scientific Literature";"Bioorg Med Chem Lett";"2009";"None";"";"";""
"CHEMBL64";"ISONIAZID";"4.0";"137.14";"0";"-0.31";"isoniazid";"NNC(=O)c1ccncc1";"MIC";"'='";"22820.0";"nM";"";"";"";"UO_0000065";"";"";"";"";"0";"CHEMBL1023880";"Antimycobacterial activity against Mycobacterium microti MTCC 1727 by agar dilution method";"F";"BAO_0000218";"organism-based format";"Mycobacterium tuberculosis variant microti";"None";"None";"None";"None";"";"";"";"CHEMBL612960";"Mycobacterium tuberculosis variant microti";"Mycobacterium tuberculosis variant microti";"ORGANISM";"CHEMBL1136842";"1";"Scientific Literature";"Bioorg Med Chem Lett";"2009";"None";"";"";""
"CHEMBL374478";"RIFAMPIN";"4.0";"822.95";"3";"4.34";"Rifampin";"CO[C@H]1/C=C/O[C@@]2(C)Oc3c(C)c(O)c4c(O)c(c(/C=N/N5CCN(C)CC5)c(O)c4c3C2=O)NC(=O)/C(C)=C\C=C\[C@H](C)[C@H](O)[C@@H](C)[C@@H](O)[C@@H](C)[C@H](OC(C)=O)[C@@H]1C";"MIC";"'='";"30380.0";"nM";"";"";"";"UO_0000065";"";"";"";"";"0";"CHEMBL1023880";"Antimycobacterial activity against Mycobacterium microti MTCC 1727 by agar dilution method";"F";"BAO_0000218";"organism-based format";"Mycobacterium tuberculosis variant microti";"None";"None";"None";"None";"";"";"";"CHEMBL612960";"Mycobacterium tuberculosis variant microti";"Mycobacterium tuberculosis variant microti";"ORGANISM";"CHEMBL1136842";"1";"Scientific Literature";"Bioorg Med Chem Lett";"2009";"None";"";"";""
"CHEMBL516401";"";"None";"320.33";"0";"2.52";"4c";"COc1ccc(NC(=S)N/N=C/c2ccc([N+](=O)[O-])o2)cc1";"MIC";"'='";"78000.0";"nM";"";"";"";"UO_0000065";"";"";"";"";"0";"CHEMBL1023880";"Antimycobacterial activity against Mycobacterium microti MTCC 1727 by agar dilution method";"F";"BAO_0000218";"organism-based format";"Mycobacterium tuberculosis variant microti";"None";"None";"None";"None";"";"";"";"CHEMBL612960";"Mycobacterium tuberculosis variant microti";"Mycobacterium tuberculosis variant microti";"ORGANISM";"CHEMBL1136842";"1";"Scientific Literature";"Bioorg Med Chem Lett";"2009";"None";"";"";""
"CHEMBL516408";"";"None";"369.38";"0";"1.16";"4f";"NS(=O)(=O)c1ccc(NC(=S)N/N=C/c2ccc([N+](=O)[O-])o2)cc1";"MIC";"'='";"67600.0";"nM";"";"";"";"UO_0000065";"";"";"";"";"0";"CHEMBL1023880";"Antimycobacterial activity against Mycobacterium microti MTCC 1727 by agar dilution method";"F";"BAO_0000218";"organism-based format";"Mycobacterium tuberculosis variant microti";"None";"None";"None";"None";"";"";"";"CHEMBL612960";"Mycobacterium tuberculosis variant microti";"Mycobacterium tuberculosis variant microti";"ORGANISM";"CHEMBL1136842";"1";"Scientific Literature";"Bioorg Med Chem Lett";"2009";"None";"";"";""
"CHEMBL453767";"";"None";"346.41";"0";"3.63";"4j";"CCc1cccc(CC)c1NC(=S)N/N=C/c1ccc([N+](=O)[O-])o1";"MIC";"'='";"72100.0";"nM";"";"";"";"UO_0000065";"";"";"";"";"0";"CHEMBL1023880";"Antimycobacterial activity against Mycobacterium microti MTCC 1727 by agar dilution method";"F";"BAO_0000218";"organism-based format";"Mycobacterium tuberculosis variant microti";"None";"None";"None";"None";"";"";"";"CHEMBL612960";"Mycobacterium tuberculosis variant microti";"Mycobacterium tuberculosis variant microti";"ORGANISM";"CHEMBL1136842";"1";"Scientific Literature";"Bioorg Med Chem Lett";"2009";"None";"";"";""
"CHEMBL508364";"";"None";"291.29";"0";"1.90";"4m";"O=[N+]([O-])c1ccc(/C=N/NC(=S)Nc2ccccn2)o1";"MIC";"'='";"48400.0";"nM";"";"";"";"UO_0000065";"";"";"";"";"0";"CHEMBL1023880";"Antimycobacterial activity against Mycobacterium microti MTCC 1727 by agar dilution method";"F";"BAO_0000218";"organism-based format";"Mycobacterium tuberculosis variant microti";"None";"None";"None";"None";"";"";"";"CHEMBL612960";"Mycobacterium tuberculosis variant microti";"Mycobacterium tuberculosis variant microti";"ORGANISM";"CHEMBL1136842";"1";"Scientific Literature";"Bioorg Med Chem Lett";"2009";"None";"";"";""
"CHEMBL475895";"";"None";"318.36";"0";"3.13";"4h";"Cc1cccc(C)c1NC(=S)N/N=C/c1ccc([N+](=O)[O-])o1";"MIC";"'='";"78500.0";"nM";"";"";"";"UO_0000065";"";"";"";"";"0";"CHEMBL1023880";"Antimycobacterial activity against Mycobacterium microti MTCC 1727 by agar dilution method";"F";"BAO_0000218";"organism-based format";"Mycobacterium tuberculosis variant microti";"None";"None";"None";"None";"";"";"";"CHEMBL612960";"Mycobacterium tuberculosis variant microti";"Mycobacterium tuberculosis variant microti";"ORGANISM";"CHEMBL1136842";"1";"Scientific Literature";"Bioorg Med Chem Lett";"2009";"None";"";"";""
